gbifID	datasetKey	occurrenceID	kingdom	phylum	class	order	family	genus	species	infraspecificEpithet	taxonRank	scientificName	verbatimScientificName	verbatimScientificNameAuthorship	countryCode	locality	stateProvince	occurrenceStatus	individualCount	publishingOrgKey	decimalLatitude	decimalLongitude	coordinateUncertaintyInMeters	coordinatePrecision	elevation	elevationAccuracy	depth	depthAccuracy	eventDate	day	month	year	taxonKey	speciesKey	basisOfRecord	institutionCode	collectionCode	catalogNumber	recordNumber	identifiedBy	dateIdentified	license	rightsHolder	recordedBy	typeStatus	establishmentMeans	lastInterpreted	mediaType	issue
4901145636	50c9509d-22c7-4a22-a47d-8c48425ef4a7	https://www.inaturalist.org/observations/202899342	Animalia	Cnidaria	Anthozoa	Malacalcyonacea	Xeniidae	Unomia	Unomia stolonifera		SPECIES	Unomia stolonifera (Gohar, 1938)	Unomia stolonifera		ID		Bali	PRESENT		28eb1a3f-1c15-4a95-931a-4af90ecb574d	-8.663787	115.467697	207.0						2024-03-17T12:43:57	17	3	2024	11218892	11218892	HUMAN_OBSERVATION	iNaturalist	Observations	202899342		joe_fish	2024-06-24T00:58:43	CC_BY_NC_4_0	Melissa Staines	Melissa Staines			2024-07-02T13:50:35.414Z	StillImage	COORDINATE_ROUNDED;CONTINENT_DERIVED_FROM_COORDINATES;TAXON_MATCH_TAXON_ID_IGNORED
4863934596	50c9509d-22c7-4a22-a47d-8c48425ef4a7	https://www.inaturalist.org/observations/163972645	Animalia	Cnidaria	Anthozoa	Malacalcyonacea	Xeniidae	Unomia	Unomia stolonifera		SPECIES	Unomia stolonifera (Gohar, 1938)	Unomia stolonifera		VE		Anzoátegui	PRESENT		28eb1a3f-1c15-4a95-931a-4af90ecb574d	10.25038	-64.568432	320.0						2023-02-02T12:54:36	2	2	2023	11218892	11218892	HUMAN_OBSERVATION	iNaturalist	Observations	163972645		nudizoo	2023-05-27T12:08:43	CC_BY_NC_4_0	nudizoo	nudizoo			2024-07-02T14:29:59.157Z	StillImage	COORDINATE_ROUNDED;CONTINENT_DERIVED_FROM_COORDINATES;TAXON_MATCH_TAXON_ID_IGNORED
4863934595	50c9509d-22c7-4a22-a47d-8c48425ef4a7	https://www.inaturalist.org/observations/163907212	Animalia	Cnidaria	Anthozoa	Malacalcyonacea	Xeniidae	Unomia	Unomia stolonifera		SPECIES	Unomia stolonifera (Gohar, 1938)	Unomia stolonifera		VE		Falcón	PRESENT		28eb1a3f-1c15-4a95-931a-4af90ecb574d	10.728697	-68.244761	134.0						2022-10-14T12:57:54	14	10	2022	11218892	11218892	HUMAN_OBSERVATION	iNaturalist	Observations	163907212		nudizoo	2023-05-27T00:33:56	CC_BY_NC_4_0	nudizoo	nudizoo			2024-07-02T14:29:58.602Z	StillImage	COORDINATE_ROUNDED;CONTINENT_DERIVED_FROM_COORDINATES;TAXON_MATCH_TAXON_ID_IGNORED
4863743265	50c9509d-22c7-4a22-a47d-8c48425ef4a7	https://www.inaturalist.org/observations/198486955	Animalia	Cnidaria	Anthozoa	Malacalcyonacea	Xeniidae	Unomia	Unomia stolonifera		SPECIES	Unomia stolonifera (Gohar, 1938)	Unomia stolonifera		CU		Mayabeque	PRESENT		28eb1a3f-1c15-4a95-931a-4af90ecb574d	23.181296	-82.05376	188.0						2023-12-29	29	12	2023	11218892	11218892	HUMAN_OBSERVATION	iNaturalist	Observations	198486955		leliebre23	2024-02-05T14:09:15	CC_BY_NC_4_0	leliebre23	leliebre23			2024-07-02T14:44:47.337Z	StillImage	COORDINATE_ROUNDED;CONTINENT_DERIVED_FROM_COORDINATES;TAXON_MATCH_TAXON_ID_IGNORED
4863459934	50c9509d-22c7-4a22-a47d-8c48425ef4a7	https://www.inaturalist.org/observations/166783334	Animalia	Cnidaria	Anthozoa	Malacalcyonacea	Xeniidae	Unomia	Unomia stolonifera		SPECIES	Unomia stolonifera (Gohar, 1938)	Unomia stolonifera		VE		Sucre	PRESENT		28eb1a3f-1c15-4a95-931a-4af90ecb574d	10.349783	-64.438727	9743.0						2023-06-03T12:11:10	3	6	2023	11218892	11218892	HUMAN_OBSERVATION	iNaturalist	Observations	166783334		Sean Ono	2023-06-11T19:38:04	CC_BY_NC_4_0	nudizoo	nudizoo			2024-07-02T13:40:35.629Z	StillImage	COORDINATE_ROUNDED;CONTINENT_DERIVED_FROM_COORDINATES;TAXON_MATCH_TAXON_ID_IGNORED
4519221298	50c9509d-22c7-4a22-a47d-8c48425ef4a7	https://www.inaturalist.org/observations/198278189	Animalia	Cnidaria	Anthozoa	Malacalcyonacea	Xeniidae	Unomia	Unomia stolonifera		SPECIES	Unomia stolonifera (Gohar, 1938)	Unomia stolonifera		PH		Cebu	PRESENT		28eb1a3f-1c15-4a95-931a-4af90ecb574d	9.942431	123.367378	488.0						2024-02-02T21:57	2	2	2024	11218892	11218892	HUMAN_OBSERVATION	iNaturalist	Observations	198278189		Julian Baquero	2024-02-04T17:24:46	CC_BY_NC_4_0	Martin Holladay	Martin Holladay			2024-07-02T13:52:06.941Z	StillImage	COORDINATE_ROUNDED;CONTINENT_DERIVED_FROM_COORDINATES;TAXON_MATCH_TAXON_ID_IGNORED
4413510569	50c9509d-22c7-4a22-a47d-8c48425ef4a7	https://www.inaturalist.org/observations/145094059	Animalia	Cnidaria	Anthozoa	Malacalcyonacea	Xeniidae	Unomia	Unomia stolonifera		SPECIES	Unomia stolonifera (Gohar, 1938)	Unomia stolonifera		PH		Cebu	PRESENT		28eb1a3f-1c15-4a95-931a-4af90ecb574d	11.449514	124.017668	203.0						2022-11-30T10:53	30	11	2022	11218892	11218892	HUMAN_OBSERVATION	iNaturalist	Observations	145094059		joe_fish	2023-09-18T04:56:28	CC_BY_NC_4_0	Ryan Yue Wah Chan	Ryan Yue Wah Chan			2024-07-02T13:37:36.116Z	StillImage	COORDINATE_ROUNDED;CONTINENT_DERIVED_FROM_COORDINATES;TAXON_MATCH_TAXON_ID_IGNORED
3966751817	50c9509d-22c7-4a22-a47d-8c48425ef4a7	https://www.inaturalist.org/observations/141593872	Animalia	Cnidaria	Anthozoa	Malacalcyonacea	Xeniidae	Unomia	Unomia stolonifera		SPECIES	Unomia stolonifera (Gohar, 1938)	Unomia stolonifera		PH		Batangas	PRESENT		28eb1a3f-1c15-4a95-931a-4af90ecb574d	13.723551	120.907304	8070.0						2022-10-22T11:46	22	10	2022	11218892	11218892	HUMAN_OBSERVATION	iNaturalist	Observations	141593872		joe_fish	2022-11-11T04:47:17	CC_BY_NC_4_0	Ryan Yue Wah Chan	Ryan Yue Wah Chan			2024-07-02T14:25:04.541Z	StillImage	COORDINATE_ROUNDED;CONTINENT_DERIVED_FROM_COORDINATES;TAXON_MATCH_TAXON_ID_IGNORED
3947159840	50c9509d-22c7-4a22-a47d-8c48425ef4a7	https://www.inaturalist.org/observations/139948793	Animalia	Cnidaria	Anthozoa	Malacalcyonacea	Xeniidae	Unomia	Unomia stolonifera		SPECIES	Unomia stolonifera (Gohar, 1938)	Unomia stolonifera		PH		Batangas	PRESENT		28eb1a3f-1c15-4a95-931a-4af90ecb574d	13.723551	120.907304	8070.0						2022-10-22T11:46	22	10	2022	11218892	11218892	HUMAN_OBSERVATION	iNaturalist	Observations	139948793		joe_fish	2022-10-26T02:41:38	CC_BY_NC_4_0	Ryan Yue Wah Chan	Ryan Yue Wah Chan			2024-07-02T14:32:48.479Z	StillImage	COORDINATE_ROUNDED;CONTINENT_DERIVED_FROM_COORDINATES;TAXON_MATCH_TAXON_ID_IGNORED
3947095736	50c9509d-22c7-4a22-a47d-8c48425ef4a7	https://www.inaturalist.org/observations/139955528	Animalia	Cnidaria	Anthozoa	Malacalcyonacea	Xeniidae	Unomia	Unomia stolonifera		SPECIES	Unomia stolonifera (Gohar, 1938)	Unomia stolonifera		PH		Batangas	PRESENT		28eb1a3f-1c15-4a95-931a-4af90ecb574d	13.723551	120.907304	8070.0						2022-10-22T11:44	22	10	2022	11218892	11218892	HUMAN_OBSERVATION	iNaturalist	Observations	139955528		joe_fish	2022-10-26T02:39:43	CC_BY_NC_4_0	Ryan Yue Wah Chan	Ryan Yue Wah Chan			2024-07-02T13:35:14.901Z	StillImage	COORDINATE_ROUNDED;CONTINENT_DERIVED_FROM_COORDINATES;TAXON_MATCH_TAXON_ID_IGNORED
3903341743	50c9509d-22c7-4a22-a47d-8c48425ef4a7	https://www.inaturalist.org/observations/133310378	Animalia	Cnidaria	Anthozoa	Malacalcyonacea	Xeniidae	Unomia	Unomia stolonifera		SPECIES	Unomia stolonifera (Gohar, 1938)	Unomia stolonifera		PH		Leyte	PRESENT		28eb1a3f-1c15-4a95-931a-4af90ecb574d	11.118323	124.253255	288.0						2022-08-16T13:56	16	8	2022	11218892	11218892	HUMAN_OBSERVATION	iNaturalist	Observations	133310378		joe_fish	2022-09-03T23:55:13	CC_BY_NC_4_0	Marisa Agarwal	Marisa Agarwal			2024-07-02T13:35:38.394Z	StillImage	COORDINATE_ROUNDED;CONTINENT_DERIVED_FROM_COORDINATES;TAXON_MATCH_TAXON_ID_IGNORED
3902947345	50c9509d-22c7-4a22-a47d-8c48425ef4a7	https://www.inaturalist.org/observations/132224536	Animalia	Cnidaria	Anthozoa	Malacalcyonacea	Xeniidae	Unomia	Unomia stolonifera		SPECIES	Unomia stolonifera (Gohar, 1938)	Unomia stolonifera		PH		Cebu	PRESENT		28eb1a3f-1c15-4a95-931a-4af90ecb574d	11.346864	124.110039	1007.0						2022-08-15T13:02	15	8	2022	11218892	11218892	HUMAN_OBSERVATION	iNaturalist	Observations	132224536		joe_fish	2022-08-25T02:26:57	CC_BY_NC_4_0	Marisa Agarwal	Marisa Agarwal			2024-07-02T14:23:34.470Z	StillImage	COORDINATE_ROUNDED;CONTINENT_DERIVED_FROM_COORDINATES;TAXON_MATCH_TAXON_ID_IGNORED
3902835326	50c9509d-22c7-4a22-a47d-8c48425ef4a7	https://www.inaturalist.org/observations/132112845	Animalia	Cnidaria	Anthozoa	Malacalcyonacea	Xeniidae	Unomia	Unomia stolonifera		SPECIES	Unomia stolonifera (Gohar, 1938)	Unomia stolonifera		PH		Cebu	PRESENT		28eb1a3f-1c15-4a95-931a-4af90ecb574d	11.343505	124.121644	892.0						2022-08-14T16:18	14	8	2022	11218892	11218892	HUMAN_OBSERVATION	iNaturalist	Observations	132112845		joe_fish	2022-08-25T02:21:24	CC_BY_NC_4_0	Marisa Agarwal	Marisa Agarwal			2024-07-02T14:27:06.519Z	StillImage	COORDINATE_ROUNDED;CONTINENT_DERIVED_FROM_COORDINATES;TAXON_MATCH_TAXON_ID_IGNORED
3759866590	50c9509d-22c7-4a22-a47d-8c48425ef4a7	https://www.inaturalist.org/observations/81927035	Animalia	Cnidaria	Anthozoa	Malacalcyonacea	Xeniidae	Unomia	Unomia stolonifera		SPECIES	Unomia stolonifera (Gohar, 1938)	Unomia stolonifera		VE		Anzoátegui	PRESENT		28eb1a3f-1c15-4a95-931a-4af90ecb574d	10.238478	-64.539022	122.0						2013-11-30	30	11	2013	11218892	11218892	HUMAN_OBSERVATION	iNaturalist	Observations	81927035		Comité Científico FVAS	2021-06-06T20:48:53	CC_BY_NC_4_0	Comité Científico FVAS	Comité Científico FVAS			2024-07-02T13:24:36.437Z	StillImage	COORDINATE_ROUNDED;CONTINENT_DERIVED_FROM_COORDINATES;TAXON_MATCH_TAXON_ID_IGNORED
3759674610	50c9509d-22c7-4a22-a47d-8c48425ef4a7	https://www.inaturalist.org/observations/81926196	Animalia	Cnidaria	Anthozoa	Malacalcyonacea	Xeniidae	Unomia	Unomia stolonifera		SPECIES	Unomia stolonifera (Gohar, 1938)	Unomia stolonifera		VE		Anzoátegui	PRESENT		28eb1a3f-1c15-4a95-931a-4af90ecb574d	10.251232	-64.545481	122.0						2013-11-17	17	11	2013	11218892	11218892	HUMAN_OBSERVATION	iNaturalist	Observations	81926196		Comité Científico FVAS	2021-06-06T20:52:10	CC_BY_NC_4_0	Comité Científico FVAS	Comité Científico FVAS			2024-07-02T13:24:43.640Z	StillImage	COORDINATE_ROUNDED;CONTINENT_DERIVED_FROM_COORDINATES;TAXON_MATCH_TAXON_ID_IGNORED
3759068613	50c9509d-22c7-4a22-a47d-8c48425ef4a7	https://www.inaturalist.org/observations/81924791	Animalia	Cnidaria	Anthozoa	Malacalcyonacea	Xeniidae	Unomia	Unomia stolonifera		SPECIES	Unomia stolonifera (Gohar, 1938)	Unomia stolonifera		VE		Anzoátegui	PRESENT		28eb1a3f-1c15-4a95-931a-4af90ecb574d	10.25204	-64.547512	488.0						2013-11-09	9	11	2013	11218892	11218892	HUMAN_OBSERVATION	iNaturalist	Observations	81924791		Comité Científico FVAS	2021-06-06T21:02:09	CC_BY_NC_4_0	Comité Científico FVAS	Comité Científico FVAS			2024-07-02T14:19:02.880Z	StillImage	COORDINATE_ROUNDED;CONTINENT_DERIVED_FROM_COORDINATES;TAXON_MATCH_TAXON_ID_IGNORED
3457193246	50c9509d-22c7-4a22-a47d-8c48425ef4a7	https://www.inaturalist.org/observations/105232648	Animalia	Cnidaria	Anthozoa	Malacalcyonacea	Xeniidae	Unomia	Unomia stolonifera		SPECIES	Unomia stolonifera (Gohar, 1938)	Unomia stolonifera		VE		Sucre	PRESENT		28eb1a3f-1c15-4a95-931a-4af90ecb574d	10.266428	-64.488914							2021-07-24T10:00:40	24	7	2021	11218892	11218892	HUMAN_OBSERVATION	iNaturalist	Observations	105232648		joe_fish	2022-01-20T05:05:34	CC_BY_NC_4_0	laurarome	laurarome			2024-07-02T14:24:30.254Z	StillImage	COORDINATE_ROUNDED;CONTINENT_DERIVED_FROM_COORDINATES;TAXON_MATCH_TAXON_ID_IGNORED
3456599724	50c9509d-22c7-4a22-a47d-8c48425ef4a7	https://www.inaturalist.org/observations/103247309	Animalia	Cnidaria	Anthozoa	Malacalcyonacea	Xeniidae	Unomia	Unomia stolonifera		SPECIES	Unomia stolonifera (Gohar, 1938)	Unomia stolonifera		VE		Aragua	PRESENT		28eb1a3f-1c15-4a95-931a-4af90ecb574d	10.516505	-67.562672	4.0						2021-11-12T13:09Z	12	11	2021	11218892	11218892	HUMAN_OBSERVATION	iNaturalist	Observations	103247309		Comité Científico FVAS	2021-12-18T13:13:02	CC_BY_NC_4_0	Comité Científico FVAS	Comité Científico FVAS			2024-07-02T13:29:23.437Z	StillImage	COORDINATE_ROUNDED;CONTINENT_DERIVED_FROM_COORDINATES;TAXON_MATCH_TAXON_ID_IGNORED
3455048369	ac38c3bc-8d67-42b3-91e0-230bbb3942f7	SMNPic-FLSCN-1	Animalia	Cnidaria	Anthozoa	Malacalcyonacea	Xeniidae	Unomia	Unomia stolonifera		SPECIES	Unomia stolonifera (Gohar, 1938)	Unomia stolonifera	(Gohar, 1938)	VE			PRESENT		1e9400fa-ce73-4737-9eaa-f25df148945c	10.244167	-64.539722							2013-11-12	12	11	2013	11218892	11218892	MACHINE_OBSERVATION							CC_BY_NC_4_0					2024-01-26T10:02:15.097Z		GEODETIC_DATUM_ASSUMED_WGS84
3455048368	ac38c3bc-8d67-42b3-91e0-230bbb3942f7	SMNPic-FLSCN-3	Animalia	Cnidaria	Anthozoa	Malacalcyonacea	Xeniidae	Unomia	Unomia stolonifera		SPECIES	Unomia stolonifera (Gohar, 1938)	Unomia stolonifera	(Gohar, 1938)	VE			PRESENT		1e9400fa-ce73-4737-9eaa-f25df148945c	10.262567	-64.473282							2013-11-12	12	11	2013	11218892	11218892	MACHINE_OBSERVATION							CC_BY_NC_4_0					2024-01-26T10:02:15.089Z		GEODETIC_DATUM_ASSUMED_WGS84
3455048367	ac38c3bc-8d67-42b3-91e0-230bbb3942f7	SMNPic-FLSCN-2	Animalia	Cnidaria	Anthozoa	Malacalcyonacea	Xeniidae	Unomia	Unomia stolonifera		SPECIES	Unomia stolonifera (Gohar, 1938)	Unomia stolonifera	(Gohar, 1938)	VE			PRESENT		1e9400fa-ce73-4737-9eaa-f25df148945c	10.261022	-64.542654							2013-11-12	12	11	2013	11218892	11218892	MACHINE_OBSERVATION							CC_BY_NC_4_0					2024-01-26T10:02:14.953Z		GEODETIC_DATUM_ASSUMED_WGS84
3314202113	50c9509d-22c7-4a22-a47d-8c48425ef4a7	https://www.inaturalist.org/observations/83923775	Animalia	Cnidaria	Anthozoa	Malacalcyonacea	Xeniidae	Unomia	Unomia stolonifera		SPECIES	Unomia stolonifera (Gohar, 1938)	Unomia stolonifera		VE		Aragua	PRESENT		28eb1a3f-1c15-4a95-931a-4af90ecb574d	10.516454	-67.562554	820.0						2017-10-13	13	10	2017	11218892	11218892	HUMAN_OBSERVATION	iNaturalist	Observations	83923775		Bryan Alexander	2021-06-21T12:34:32	CC_BY_NC_4_0	Bryan Alexander	Bryan Alexander			2024-07-02T13:24:15.926Z	StillImage	COORDINATE_ROUNDED;CONTINENT_DERIVED_FROM_COORDINATES;TAXON_MATCH_TAXON_ID_IGNORED
3302538559	50c9509d-22c7-4a22-a47d-8c48425ef4a7	https://www.inaturalist.org/observations/81929161	Animalia	Cnidaria	Anthozoa	Malacalcyonacea	Xeniidae	Unomia	Unomia stolonifera		SPECIES	Unomia stolonifera (Gohar, 1938)	Unomia stolonifera		VE		Anzoátegui	PRESENT		28eb1a3f-1c15-4a95-931a-4af90ecb574d	10.244602	-64.52915	244.0						2013-12-07	7	12	2013	11218892	11218892	HUMAN_OBSERVATION	iNaturalist	Observations	81929161		Comité Científico FVAS	2021-06-06T21:04:27	CC_BY_NC_4_0	Comité Científico FVAS	Comité Científico FVAS			2024-07-02T14:19:10.599Z	StillImage	COORDINATE_ROUNDED;CONTINENT_DERIVED_FROM_COORDINATES;TAXON_MATCH_TAXON_ID_IGNORED
3302218988	50c9509d-22c7-4a22-a47d-8c48425ef4a7	https://www.inaturalist.org/observations/81929628	Animalia	Cnidaria	Anthozoa	Malacalcyonacea	Xeniidae	Unomia	Unomia stolonifera		SPECIES	Unomia stolonifera (Gohar, 1938)	Unomia stolonifera		VE		Anzoátegui	PRESENT		28eb1a3f-1c15-4a95-931a-4af90ecb574d	10.266952	-64.549868	244.0						2013-12-21	21	12	2013	11218892	11218892	HUMAN_OBSERVATION	iNaturalist	Observations	81929628		Comité Científico FVAS	2021-06-06T21:07:08	CC_BY_NC_4_0	Comité Científico FVAS	Comité Científico FVAS			2024-07-02T13:29:06.991Z	StillImage	COORDINATE_ROUNDED;CONTINENT_DERIVED_FROM_COORDINATES;TAXON_MATCH_TAXON_ID_IGNORED
3107366316	6d7b4e8c-9086-45b7-87f2-eee086af0c5a	039170654161FFCD5A82FF61F670F866.mc.3B50CB2E4161FFCD5A82FE0FF60DFDC6	Animalia	Cnidaria	Anthozoa	Malacalcyonacea	Xeniidae	Unomia	Unomia stolonifera		SPECIES	Unomia stolonifera (Gohar, 1938)	Unomia stolonifera (Gohar 1938)	(Gohar 1938)	ID	Lumu Isl.	Sulawesi Utara	PRESENT	1	7ce8aef0-9e92-11dc-8738-b8a03c50a862	-4.966667	119.2							1994-05-27	27	5	1994	11218892	11218892	MATERIAL_CITATION	RMNH, COEL, UNHAS-NNM						CC0_1_0		B. W. Hoeksema & L. P. van Ofwegen			2024-06-29T14:06:09.977Z		COORDINATE_ROUNDED;GEODETIC_DATUM_ASSUMED_WGS84;CONTINENT_DERIVED_FROM_COORDINATES;TAXON_MATCH_TAXON_ID_IGNORED;OCCURRENCE_STATUS_INFERRED_FROM_INDIVIDUAL_COUNT;INSTITUTION_MATCH_NONE
3107366311	6d7b4e8c-9086-45b7-87f2-eee086af0c5a	039170654161FFCD5A82FF61F670F866.mc.3B50CB2E4161FFCD5AD2FBE0F7A9FA82	Animalia	Cnidaria	Anthozoa	Malacalcyonacea	Xeniidae	Unomia	Unomia stolonifera		SPECIES	Unomia stolonifera (Gohar, 1938)	Unomia stolonifera (Gohar 1938)	(Gohar 1938)				PRESENT	1	7ce8aef0-9e92-11dc-8738-b8a03c50a862	0.015	-0.021											11218892	11218892	MATERIAL_CITATION	RMNH, COEL						CC0_1_0					2024-06-29T14:06:09.905Z		GEODETIC_DATUM_ASSUMED_WGS84;TAXON_MATCH_TAXON_ID_IGNORED;OCCURRENCE_STATUS_INFERRED_FROM_INDIVIDUAL_COUNT;INSTITUTION_MATCH_NONE
2520701063	adb92d68-aaff-47ba-b197-d3d26f72f728	Hexacorals_Fautin_020437	Animalia	Cnidaria	Anthozoa	Malacalcyonacea	Xeniidae	Unomia	Unomia stolonifera		SPECIES	Cespitularia stolonifera Gohar, 1938	Cespitularia stolonifera		TW			PRESENT		1e9400fa-ce73-4737-9eaa-f25df148945c	22.799999	121.199997											2263799	11218892	HUMAN_OBSERVATION	HEX	HEX	Co 30277				CC_BY_4_0					2024-01-24T23:28:35.974Z		COORDINATE_ROUNDED;GEODETIC_DATUM_ASSUMED_WGS84;COUNTRY_DERIVED_FROM_COORDINATES;CONTINENT_DERIVED_FROM_COORDINATES
