gbifID	datasetKey	occurrenceID	kingdom	phylum	class	order	family	genus	species	infraspecificEpithet	taxonRank	scientificName	verbatimScientificName	verbatimScientificNameAuthorship	countryCode	locality	stateProvince	occurrenceStatus	individualCount	publishingOrgKey	decimalLatitude	decimalLongitude	coordinateUncertaintyInMeters	coordinatePrecision	elevation	elevationAccuracy	depth	depthAccuracy	eventDate	day	month	year	taxonKey	speciesKey	basisOfRecord	institutionCode	collectionCode	catalogNumber	recordNumber	identifiedBy	dateIdentified	license	rightsHolder	recordedBy	typeStatus	establishmentMeans	lastInterpreted	mediaType	issue
899567192	85b1cfb6-f762-11e1-a439-00145eb45e9a	44BD5022-6A80-4910-9DFB-16C45A9F9EEB	Animalia	Cnidaria	Anthozoa	Scleractinia	Acroporidae	Isopora	Isopora crateriformis		SPECIES	Isopora crateriformis (Gardiner, 1898)	Isopora crateriformis	(Gardiner 1898)	AS	N/A	Samoa Islands	PRESENT		8483a1f0-1032-11db-ae00-b8a03c50a862	-14.2	-169.7											5784814	5784814	PRESERVED_SPECIMEN	UF	Invertebrate Zoology	4363-Cnidaria				CC_BY_NC_4_0		McKeon, Sea			2024-07-29T04:13:13.429Z		GEODETIC_DATUM_ASSUMED_WGS84;CONTINENT_INVALID;CONTINENT_DERIVED_FROM_COORDINATES;RECORDED_DATE_INVALID;INSTITUTION_MATCH_FUZZY;COLLECTION_MATCH_FUZZY
4891727783	50c9509d-22c7-4a22-a47d-8c48425ef4a7	https://www.inaturalist.org/observations/221279954	Animalia	Cnidaria	Anthozoa	Scleractinia	Acroporidae	Isopora	Isopora crateriformis		SPECIES	Isopora crateriformis (Gardiner, 1898)	Isopora crateriformis		MV			PRESENT		28eb1a3f-1c15-4a95-931a-4af90ecb574d	6.415583	72.964358	42076.0						2024-02-01T09:50	1	2	2024	5784814	5784814	HUMAN_OBSERVATION	iNaturalist	Observations	221279954		Tạ Hoàng An	2024-06-09T20:22:37	CC_BY_NC_4_0	tarredandfeathered	tarredandfeathered			2024-07-31T09:37:33.631Z	StillImage	COORDINATE_ROUNDED;CONTINENT_DERIVED_FROM_COORDINATES;TAXON_MATCH_TAXON_ID_IGNORED
4548448360	f553f8f9-b147-4f09-86e5-0d1ce1a91ce0	4c4aa1a4-978e-470d-b14c-6ae7d873c798	Animalia	Cnidaria	Anthozoa	Scleractinia	Acroporidae	Isopora	Isopora crateriformis		SPECIES	Isopora crateriformis (Gardiner, 1898)	Isopora crateriformis (Gardiner, 1898)		WF			PRESENT		1928bdf0-f5d2-11dc-8c12-b8a03c50a862	-13.75548	-177.08021	111214.0										5784814	5784814	HUMAN_OBSERVATION							CC_BY_4_0					2024-03-21T10:14:26.463Z		COUNTRY_MISMATCH;TAXON_MATCH_TAXON_ID_IGNORED
3935038492	91aa3d5b-6f77-4135-a823-cef438a60dfa	b7369a1f-24e3-44c1-b6d2-8c9bd5383972	Animalia	Cnidaria	Anthozoa	Scleractinia	Acroporidae	Isopora	Isopora crateriformis		SPECIES	Isopora crateriformis (Gardiner, 1898)	Isopora crateriformis (Gardiner, 1898)		WF			PRESENT		1928bdf0-f5d2-11dc-8c12-b8a03c50a862	-13.75548	-177.08021	111214.0										5784814	5784814	HUMAN_OBSERVATION							CC_BY_4_0					2024-01-26T10:11:38.675Z		COUNTRY_MISMATCH;TAXON_MATCH_TAXON_ID_IGNORED
3859698077	50c9509d-22c7-4a22-a47d-8c48425ef4a7	https://www.inaturalist.org/observations/122241788	Animalia	Cnidaria	Anthozoa	Scleractinia	Acroporidae	Isopora	Isopora crateriformis		SPECIES	Isopora crateriformis (Gardiner, 1898)	Isopora crateriformis		AS		Manu'a	PRESENT		28eb1a3f-1c15-4a95-931a-4af90ecb574d	-14.035857	-169.705715	30981.0						2022-06-11T12:34:38	11	6	2022	5784814	5784814	HUMAN_OBSERVATION	iNaturalist	Observations	122241788		Tilali	2022-06-18T01:05:58	CC_BY_NC_4_0	Tilali	Tilali			2024-07-31T08:45:57.592Z	StillImage	COORDINATE_ROUNDED;TAXON_MATCH_TAXON_ID_IGNORED
3847007982	6ed43f52-25d1-4d56-a821-63a8564b81f6	9164d542-6d33-4874-917c-6a723ca7176c	Animalia	Cnidaria	Anthozoa	Scleractinia	Acroporidae	Isopora	Isopora crateriformis		SPECIES	Isopora crateriformis (Gardiner, 1898)	Isopora crateriformis (Gardiner, 1898)		WF			PRESENT		1928bdf0-f5d2-11dc-8c12-b8a03c50a862	-13.75548	-177.08021	111214.0										5784814	5784814	HUMAN_OBSERVATION							CC_BY_4_0					2024-01-26T10:23:26.882Z		COUNTRY_MISMATCH;TAXON_MATCH_TAXON_ID_IGNORED
2818187111	e5d47a25-9e51-40db-9b5c-3f766be5c7b5	82e3ca58-ffa1-24f6-e053-2614a8c008ee	Animalia	Cnidaria	Anthozoa	Scleractinia	Acroporidae	Isopora	Isopora crateriformis		SPECIES	Acropora crateriformis (Gardiner, 1898)	Acropora crateriformis (Gardiner, 1898)		NC			PRESENT		1928bdf0-f5d2-11dc-8c12-b8a03c50a862	-21.6233	166.443	50.0						2007-03-18	18	3	2007	5184637	5784814	HUMAN_OBSERVATION							CC_BY_4_0		Benzoni Francesca			2024-01-25T01:29:50.359Z		COUNTRY_MISMATCH;TAXON_MATCH_TAXON_ID_IGNORED
2818186268	e5d47a25-9e51-40db-9b5c-3f766be5c7b5	82e3ca59-04d2-24f6-e053-2614a8c008ee	Animalia	Cnidaria	Anthozoa	Scleractinia	Acroporidae	Isopora	Isopora crateriformis		SPECIES	Acropora crateriformis (Gardiner, 1898)	Acropora crateriformis (Gardiner, 1898)		NC			PRESENT		1928bdf0-f5d2-11dc-8c12-b8a03c50a862	-21.55022	165.23703	50.0						2007-11-01	1	11	2007	5184637	5784814	HUMAN_OBSERVATION							CC_BY_4_0		Benzoni Francesca			2024-01-25T01:29:50.092Z		COUNTRY_MISMATCH;CONTINENT_DERIVED_FROM_COORDINATES;TAXON_MATCH_TAXON_ID_IGNORED
2818186075	e5d47a25-9e51-40db-9b5c-3f766be5c7b5	82e3ca59-28ab-24f6-e053-2614a8c008ee	Animalia	Cnidaria	Anthozoa	Scleractinia	Acroporidae	Isopora	Isopora crateriformis		SPECIES	Acropora crateriformis (Gardiner, 1898)	Acropora crateriformis (Gardiner, 1898)		NC			PRESENT		1928bdf0-f5d2-11dc-8c12-b8a03c50a862	-20.2166	164.473	50.0						2002-11-27	27	11	2002	5184637	5784814	HUMAN_OBSERVATION							CC_BY_4_0		Pichon Michel			2024-01-25T01:29:50.054Z		COUNTRY_MISMATCH;TAXON_MATCH_TAXON_ID_IGNORED
2818185988	e5d47a25-9e51-40db-9b5c-3f766be5c7b5	82e3ca59-05b3-24f6-e053-2614a8c008ee	Animalia	Cnidaria	Anthozoa	Scleractinia	Acroporidae	Isopora	Isopora crateriformis		SPECIES	Acropora crateriformis (Gardiner, 1898)	Acropora crateriformis (Gardiner, 1898)		NC			PRESENT		1928bdf0-f5d2-11dc-8c12-b8a03c50a862	-20.7244	166.397	50.0						2014-02-21	21	2	2014	5184637	5784814	HUMAN_OBSERVATION							CC_BY_4_0		Benzoni Francesca			2024-01-25T01:29:50.037Z		COUNTRY_MISMATCH;CONTINENT_DERIVED_FROM_COORDINATES;TAXON_MATCH_TAXON_ID_IGNORED
2818184357	e5d47a25-9e51-40db-9b5c-3f766be5c7b5	82e3ca59-1d46-24f6-e053-2614a8c008ee	Animalia	Cnidaria	Anthozoa	Scleractinia	Acroporidae	Isopora	Isopora crateriformis		SPECIES	Acropora crateriformis (Gardiner, 1898)	Acropora crateriformis (Gardiner, 1898)		NC			PRESENT		1928bdf0-f5d2-11dc-8c12-b8a03c50a862	-21.6235	166.445	50.0						2007-03-17	17	3	2007	5184637	5784814	HUMAN_OBSERVATION							CC_BY_4_0		Benzoni Francesca			2024-01-25T01:29:48.960Z		COUNTRY_MISMATCH;TAXON_MATCH_TAXON_ID_IGNORED
2520736259	adb92d68-aaff-47ba-b197-d3d26f72f728	Hexacorals_Fautin_057814	Animalia	Cnidaria	Anthozoa	Scleractinia	Acroporidae	Isopora	Isopora crateriformis		SPECIES	Acropora crateriformis (Gardiner, 1898)	Acropora isopora crateriformis		ID			PRESENT		1e9400fa-ce73-4737-9eaa-f25df148945c	1.33	126.419998											5184637	5784814	HUMAN_OBSERVATION	HEX	HEX	G51551				CC_BY_4_0					2024-01-24T23:28:23.292Z		COORDINATE_ROUNDED;GEODETIC_DATUM_ASSUMED_WGS84;COUNTRY_DERIVED_FROM_COORDINATES;CONTINENT_DERIVED_FROM_COORDINATES;SCIENTIFIC_NAME_AND_ID_INCONSISTENT;TAXON_MATCH_NAME_AND_ID_AMBIGUOUS
2520732801	adb92d68-aaff-47ba-b197-d3d26f72f728	Hexacorals_Fautin_054305	Animalia	Cnidaria	Anthozoa	Scleractinia	Acroporidae	Isopora	Isopora crateriformis		SPECIES	Acropora crateriformis (Gardiner, 1898)	Acropora isopora crateriformis		ID			PRESENT		1e9400fa-ce73-4737-9eaa-f25df148945c	1.95	127.699997											5184637	5784814	HUMAN_OBSERVATION	HEX	HEX	G51559				CC_BY_4_0					2024-01-24T23:28:35.200Z		COORDINATE_ROUNDED;GEODETIC_DATUM_ASSUMED_WGS84;COUNTRY_DERIVED_FROM_COORDINATES;CONTINENT_DERIVED_FROM_COORDINATES;SCIENTIFIC_NAME_AND_ID_INCONSISTENT;TAXON_MATCH_NAME_AND_ID_AMBIGUOUS
2520732167	adb92d68-aaff-47ba-b197-d3d26f72f728	Hexacorals_Fautin_054877	Animalia	Cnidaria	Anthozoa	Scleractinia	Acroporidae	Isopora	Isopora crateriformis		SPECIES	Acropora crateriformis (Gardiner, 1898)	Acropora isopora crateriformis		ID			PRESENT		1e9400fa-ce73-4737-9eaa-f25df148945c	1.33	126.419998											5184637	5784814	HUMAN_OBSERVATION	HEX	HEX	G51553				CC_BY_4_0					2024-01-24T23:28:53.262Z		COORDINATE_ROUNDED;GEODETIC_DATUM_ASSUMED_WGS84;COUNTRY_DERIVED_FROM_COORDINATES;CONTINENT_DERIVED_FROM_COORDINATES;SCIENTIFIC_NAME_AND_ID_INCONSISTENT;TAXON_MATCH_NAME_AND_ID_AMBIGUOUS
2520722351	adb92d68-aaff-47ba-b197-d3d26f72f728	Hexacorals_Fautin_046357	Animalia	Cnidaria	Anthozoa	Scleractinia	Acroporidae	Isopora	Isopora crateriformis		SPECIES	Acropora crateriformis (Gardiner, 1898)	Acropora isopora crateriformis		AS			PRESENT		1e9400fa-ce73-4737-9eaa-f25df148945c	-14.33	-170.800003											5184637	5784814	HUMAN_OBSERVATION	HEX	HEX	G38980				CC_BY_4_0					2024-01-24T23:28:07.684Z		COORDINATE_ROUNDED;GEODETIC_DATUM_ASSUMED_WGS84;COUNTRY_DERIVED_FROM_COORDINATES;CONTINENT_DERIVED_FROM_COORDINATES;SCIENTIFIC_NAME_AND_ID_INCONSISTENT;TAXON_MATCH_NAME_AND_ID_AMBIGUOUS
2520721473	adb92d68-aaff-47ba-b197-d3d26f72f728	Hexacorals_Fautin_043534	Animalia	Cnidaria	Anthozoa	Scleractinia	Acroporidae	Isopora	Isopora crateriformis		SPECIES	Acropora crateriformis (Gardiner, 1898)	Acropora isopora crateriformis		AS			PRESENT		1e9400fa-ce73-4737-9eaa-f25df148945c	-14.33	-170.800003											5184637	5784814	HUMAN_OBSERVATION	HEX	HEX	G38983				CC_BY_4_0					2024-01-24T23:28:20.539Z		COORDINATE_ROUNDED;GEODETIC_DATUM_ASSUMED_WGS84;COUNTRY_DERIVED_FROM_COORDINATES;CONTINENT_DERIVED_FROM_COORDINATES;SCIENTIFIC_NAME_AND_ID_INCONSISTENT;TAXON_MATCH_NAME_AND_ID_AMBIGUOUS
2520720452	adb92d68-aaff-47ba-b197-d3d26f72f728	Hexacorals_Fautin_041739	Animalia	Cnidaria	Anthozoa	Scleractinia	Acroporidae	Isopora	Isopora crateriformis		SPECIES	Acropora crateriformis (Gardiner, 1898)	Acropora isopora crateriformis		ID			PRESENT		1e9400fa-ce73-4737-9eaa-f25df148945c	1.73	127.5											5184637	5784814	HUMAN_OBSERVATION	HEX	HEX	G51556				CC_BY_4_0					2024-01-24T23:28:16.087Z		COORDINATE_ROUNDED;GEODETIC_DATUM_ASSUMED_WGS84;COUNTRY_DERIVED_FROM_COORDINATES;CONTINENT_DERIVED_FROM_COORDINATES;SCIENTIFIC_NAME_AND_ID_INCONSISTENT;TAXON_MATCH_NAME_AND_ID_AMBIGUOUS
2520720110	adb92d68-aaff-47ba-b197-d3d26f72f728	Hexacorals_Fautin_040525	Animalia	Cnidaria	Anthozoa	Scleractinia	Acroporidae	Isopora	Isopora crateriformis		SPECIES	Acropora crateriformis (Gardiner, 1898)	Acropora isopora crateriformis		ID			PRESENT		1e9400fa-ce73-4737-9eaa-f25df148945c	1.65	127.470001											5184637	5784814	HUMAN_OBSERVATION	HEX	HEX	G51554				CC_BY_4_0					2024-01-24T23:28:52.574Z		COORDINATE_ROUNDED;GEODETIC_DATUM_ASSUMED_WGS84;COUNTRY_DERIVED_FROM_COORDINATES;CONTINENT_DERIVED_FROM_COORDINATES;SCIENTIFIC_NAME_AND_ID_INCONSISTENT;TAXON_MATCH_NAME_AND_ID_AMBIGUOUS
2520716895	adb92d68-aaff-47ba-b197-d3d26f72f728	Hexacorals_Fautin_036613	Animalia	Cnidaria	Anthozoa	Scleractinia	Acroporidae	Isopora	Isopora crateriformis		SPECIES	Acropora crateriformis (Gardiner, 1898)	Acropora isopora crateriformis		ID			PRESENT		1e9400fa-ce73-4737-9eaa-f25df148945c	1.95	127.699997											5184637	5784814	HUMAN_OBSERVATION	HEX	HEX	G51558				CC_BY_4_0					2024-01-24T23:28:07.381Z		COORDINATE_ROUNDED;GEODETIC_DATUM_ASSUMED_WGS84;COUNTRY_DERIVED_FROM_COORDINATES;CONTINENT_DERIVED_FROM_COORDINATES;SCIENTIFIC_NAME_AND_ID_INCONSISTENT;TAXON_MATCH_NAME_AND_ID_AMBIGUOUS
2520714945	adb92d68-aaff-47ba-b197-d3d26f72f728	Hexacorals_Fautin_034048	Animalia	Cnidaria	Anthozoa	Scleractinia	Acroporidae	Isopora	Isopora crateriformis		SPECIES	Acropora crateriformis (Gardiner, 1898)	Acropora isopora crateriformis		AS			PRESENT		1e9400fa-ce73-4737-9eaa-f25df148945c	-14.33	-170.800003											5184637	5784814	HUMAN_OBSERVATION	HEX	HEX	G36633				CC_BY_4_0					2024-01-24T23:28:39.783Z		COORDINATE_ROUNDED;GEODETIC_DATUM_ASSUMED_WGS84;COUNTRY_DERIVED_FROM_COORDINATES;CONTINENT_DERIVED_FROM_COORDINATES;SCIENTIFIC_NAME_AND_ID_INCONSISTENT;TAXON_MATCH_NAME_AND_ID_AMBIGUOUS
2520714851	adb92d68-aaff-47ba-b197-d3d26f72f728	Hexacorals_Fautin_034103	Animalia	Cnidaria	Anthozoa	Scleractinia	Acroporidae	Isopora	Isopora crateriformis		SPECIES	Acropora crateriformis (Gardiner, 1898)	Acropora isopora crateriformis		ID			PRESENT		1e9400fa-ce73-4737-9eaa-f25df148945c	1.73	127.5											5184637	5784814	HUMAN_OBSERVATION	HEX	HEX	G51555				CC_BY_4_0					2024-01-24T23:28:39.114Z		COORDINATE_ROUNDED;GEODETIC_DATUM_ASSUMED_WGS84;COUNTRY_DERIVED_FROM_COORDINATES;CONTINENT_DERIVED_FROM_COORDINATES;SCIENTIFIC_NAME_AND_ID_INCONSISTENT;TAXON_MATCH_NAME_AND_ID_AMBIGUOUS
2520704764	adb92d68-aaff-47ba-b197-d3d26f72f728	Hexacorals_Fautin_024056	Animalia	Cnidaria	Anthozoa	Scleractinia	Acroporidae	Isopora	Isopora crateriformis		SPECIES	Madrepora crateriformis Gardiner, 1898	Madrepora crateriformis		TV			PRESENT		1e9400fa-ce73-4737-9eaa-f25df148945c	-8.5	179.179993											7697991	5784814	HUMAN_OBSERVATION	HEX	HEX					CC_BY_4_0					2024-01-24T23:28:43.249Z		COORDINATE_ROUNDED;GEODETIC_DATUM_ASSUMED_WGS84;COUNTRY_DERIVED_FROM_COORDINATES;CONTINENT_DERIVED_FROM_COORDINATES
2520679997	adb92d68-aaff-47ba-b197-d3d26f72f728	Hexacorals_Fautin_00990	Animalia	Cnidaria	Anthozoa	Scleractinia	Acroporidae	Isopora	Isopora crateriformis		SPECIES	Acropora crateriformis (Gardiner, 1898)	Acropora crateriformis		AS			PRESENT		1e9400fa-ce73-4737-9eaa-f25df148945c	-14.28	-170.669998											5184637	5784814	HUMAN_OBSERVATION	HEX	HEX					CC_BY_4_0					2024-01-24T23:28:35.822Z		COORDINATE_ROUNDED;GEODETIC_DATUM_ASSUMED_WGS84;COUNTRY_DERIVED_FROM_COORDINATES;CONTINENT_DERIVED_FROM_COORDINATES
1890461016	be62fffc-d0e7-45f2-9404-d4bc4322bc57	24840	Animalia	Cnidaria	Anthozoa	Scleractinia	Acroporidae	Isopora	Isopora crateriformis		SPECIES	Isopora crateriformis (Gardiner, 1898)	Isopora crateriformis	(Gardiner, 1898)	AS			PRESENT		c58ac019-b413-4613-8772-39e57acbeb8e	-14.36024	-170.750244	100.0				26.5	1.5	2008-02-24	24	2	2008	5784814	5784814	HUMAN_OBSERVATION	NIWA	SPRFMO VME					CC0_1_0					2024-05-01T00:56:30.087Z		COORDINATE_ROUNDED;FOOTPRINT_WKT_MISMATCH;COUNTRY_DERIVED_FROM_COORDINATES;CONTINENT_DERIVED_FROM_COORDINATES
1890460999	be62fffc-d0e7-45f2-9404-d4bc4322bc57	23333	Animalia	Cnidaria	Anthozoa	Scleractinia	Acroporidae	Isopora	Isopora crateriformis		SPECIES	Isopora crateriformis (Gardiner, 1898)	Isopora crateriformis	(Gardiner, 1898)	AS			PRESENT		c58ac019-b413-4613-8772-39e57acbeb8e	-14.34288	-170.788818	100.0				35.0	3.0	2008-02-24	24	2	2008	5784814	5784814	HUMAN_OBSERVATION	NIWA	SPRFMO VME					CC0_1_0					2024-05-01T00:56:30.083Z		COORDINATE_ROUNDED;FOOTPRINT_WKT_MISMATCH;COUNTRY_DERIVED_FROM_COORDINATES;CONTINENT_DERIVED_FROM_COORDINATES
1890460955	be62fffc-d0e7-45f2-9404-d4bc4322bc57	33136	Animalia	Cnidaria	Anthozoa	Scleractinia	Acroporidae	Isopora	Isopora crateriformis		SPECIES	Isopora crateriformis (Gardiner, 1898)	Isopora crateriformis	(Gardiner, 1898)	AS			PRESENT		c58ac019-b413-4613-8772-39e57acbeb8e	-14.1846	-169.676025	100.0				38.0	4.0	2008-02-28	28	2	2008	5784814	5784814	HUMAN_OBSERVATION	NIWA	SPRFMO VME					CC0_1_0					2024-05-01T00:56:30.216Z		COORDINATE_ROUNDED;FOOTPRINT_WKT_MISMATCH;COUNTRY_DERIVED_FROM_COORDINATES;CONTINENT_DERIVED_FROM_COORDINATES
1890460930	be62fffc-d0e7-45f2-9404-d4bc4322bc57	23325	Animalia	Cnidaria	Anthozoa	Scleractinia	Acroporidae	Isopora	Isopora crateriformis		SPECIES	Isopora crateriformis (Gardiner, 1898)	Isopora crateriformis	(Gardiner, 1898)	AS			PRESENT		c58ac019-b413-4613-8772-39e57acbeb8e	-14.34288	-170.788818	100.0				40.0	2.0	2008-02-24	24	2	2008	5784814	5784814	HUMAN_OBSERVATION	NIWA	SPRFMO VME					CC0_1_0					2024-05-01T00:56:30.100Z		COORDINATE_ROUNDED;FOOTPRINT_WKT_MISMATCH;COUNTRY_DERIVED_FROM_COORDINATES;CONTINENT_DERIVED_FROM_COORDINATES
1890460905	be62fffc-d0e7-45f2-9404-d4bc4322bc57	26373	Animalia	Cnidaria	Anthozoa	Scleractinia	Acroporidae	Isopora	Isopora crateriformis		SPECIES	Isopora crateriformis (Gardiner, 1898)	Isopora crateriformis	(Gardiner, 1898)	AS			PRESENT		c58ac019-b413-4613-8772-39e57acbeb8e	-14.33595	-170.704513	100.0				42.5	3.5	2008-02-25	25	2	2008	5784814	5784814	HUMAN_OBSERVATION	NIWA	SPRFMO VME					CC0_1_0					2024-05-01T00:56:30.207Z		COORDINATE_ROUNDED;FOOTPRINT_WKT_MISMATCH;COUNTRY_DERIVED_FROM_COORDINATES;CONTINENT_DERIVED_FROM_COORDINATES
1890460744	be62fffc-d0e7-45f2-9404-d4bc4322bc57	37537	Animalia	Cnidaria	Anthozoa	Scleractinia	Acroporidae	Isopora	Isopora crateriformis		SPECIES	Isopora crateriformis (Gardiner, 1898)	Isopora crateriformis	(Gardiner, 1898)	AS			PRESENT		c58ac019-b413-4613-8772-39e57acbeb8e	-14.1864	-169.607696	100.0				46.5	0.5	2008-02-29	29	2	2008	5784814	5784814	HUMAN_OBSERVATION	NIWA	SPRFMO VME					CC0_1_0					2024-05-01T00:56:30.328Z		COORDINATE_ROUNDED;FOOTPRINT_WKT_MISMATCH;COUNTRY_DERIVED_FROM_COORDINATES;CONTINENT_DERIVED_FROM_COORDINATES
1890460298	be62fffc-d0e7-45f2-9404-d4bc4322bc57	23316	Animalia	Cnidaria	Anthozoa	Scleractinia	Acroporidae	Isopora	Isopora crateriformis		SPECIES	Isopora crateriformis (Gardiner, 1898)	Isopora crateriformis	(Gardiner, 1898)	AS			PRESENT		c58ac019-b413-4613-8772-39e57acbeb8e	-14.34288	-170.788818	100.0				0.0	0.0	2006-02-21	21	2	2006	5784814	5784814	HUMAN_OBSERVATION	NIWA	SPRFMO VME					CC0_1_0					2024-05-01T00:56:30.100Z		COORDINATE_ROUNDED;FOOTPRINT_WKT_MISMATCH;COUNTRY_DERIVED_FROM_COORDINATES;CONTINENT_DERIVED_FROM_COORDINATES
1890428210	be62fffc-d0e7-45f2-9404-d4bc4322bc57	35113	Animalia	Cnidaria	Anthozoa	Scleractinia	Acroporidae	Isopora	Isopora crateriformis		SPECIES	Isopora crateriformis (Gardiner, 1898)	Isopora crateriformis	(Gardiner, 1898)	AS			PRESENT		c58ac019-b413-4613-8772-39e57acbeb8e	-14.16463	-169.655685	100.0				45.5	0.5	2010-03-19	19	3	2010	5784814	5784814	HUMAN_OBSERVATION	NIWA	SPRFMO VME					CC0_1_0					2024-05-01T00:56:30.309Z		COORDINATE_ROUNDED;FOOTPRINT_WKT_MISMATCH;COUNTRY_DERIVED_FROM_COORDINATES;CONTINENT_DERIVED_FROM_COORDINATES
1890422210	be62fffc-d0e7-45f2-9404-d4bc4322bc57	41158	Animalia	Cnidaria	Anthozoa	Scleractinia	Acroporidae	Isopora	Isopora crateriformis		SPECIES	Isopora crateriformis (Gardiner, 1898)	Isopora crateriformis	(Gardiner, 1898)	AS			PRESENT		c58ac019-b413-4613-8772-39e57acbeb8e	-14.25116	-169.446945	100.0				46.5	0.5	2010-03-13	13	3	2010	5784814	5784814	HUMAN_OBSERVATION	NIWA	SPRFMO VME					CC0_1_0					2024-05-01T00:56:30.350Z		COORDINATE_ROUNDED;FOOTPRINT_WKT_MISMATCH;COUNTRY_DERIVED_FROM_COORDINATES;CONTINENT_DERIVED_FROM_COORDINATES
1890422202	be62fffc-d0e7-45f2-9404-d4bc4322bc57	41156	Animalia	Cnidaria	Anthozoa	Scleractinia	Acroporidae	Isopora	Isopora crateriformis		SPECIES	Isopora crateriformis (Gardiner, 1898)	Isopora crateriformis	(Gardiner, 1898)	AS			PRESENT		c58ac019-b413-4613-8772-39e57acbeb8e	-14.25116	-169.446945	100.0				46.5	0.5	2010-03-13	13	3	2010	5784814	5784814	HUMAN_OBSERVATION	NIWA	SPRFMO VME					CC0_1_0					2024-05-01T00:56:30.368Z		COORDINATE_ROUNDED;FOOTPRINT_WKT_MISMATCH;COUNTRY_DERIVED_FROM_COORDINATES;CONTINENT_DERIVED_FROM_COORDINATES
1890422155	be62fffc-d0e7-45f2-9404-d4bc4322bc57	41157	Animalia	Cnidaria	Anthozoa	Scleractinia	Acroporidae	Isopora	Isopora crateriformis		SPECIES	Isopora crateriformis (Gardiner, 1898)	Isopora crateriformis	(Gardiner, 1898)	AS			PRESENT		c58ac019-b413-4613-8772-39e57acbeb8e	-14.25116	-169.446945	100.0				46.5	0.5	2010-03-13	13	3	2010	5784814	5784814	HUMAN_OBSERVATION	NIWA	SPRFMO VME					CC0_1_0					2024-05-01T00:56:30.319Z		COORDINATE_ROUNDED;FOOTPRINT_WKT_MISMATCH;COUNTRY_DERIVED_FROM_COORDINATES;CONTINENT_DERIVED_FROM_COORDINATES
1890420725	be62fffc-d0e7-45f2-9404-d4bc4322bc57	37595	Animalia	Cnidaria	Anthozoa	Scleractinia	Acroporidae	Isopora	Isopora crateriformis		SPECIES	Isopora crateriformis (Gardiner, 1898)	Isopora crateriformis	(Gardiner, 1898)	AS			PRESENT		c58ac019-b413-4613-8772-39e57acbeb8e	-14.1864	-169.607696	100.0				41.0	1.0	2010-03-11	11	3	2010	5784814	5784814	HUMAN_OBSERVATION	NIWA	SPRFMO VME					CC0_1_0					2024-05-01T00:56:30.295Z		COORDINATE_ROUNDED;FOOTPRINT_WKT_MISMATCH;COUNTRY_DERIVED_FROM_COORDINATES;CONTINENT_DERIVED_FROM_COORDINATES
1890415023	be62fffc-d0e7-45f2-9404-d4bc4322bc57	23392	Animalia	Cnidaria	Anthozoa	Scleractinia	Acroporidae	Isopora	Isopora crateriformis		SPECIES	Isopora crateriformis (Gardiner, 1898)	Isopora crateriformis	(Gardiner, 1898)	AS			PRESENT		c58ac019-b413-4613-8772-39e57acbeb8e	-14.34288	-170.788818	100.0				41.5	1.5	2010-02-28	28	2	2010	5784814	5784814	HUMAN_OBSERVATION	NIWA	SPRFMO VME					CC0_1_0					2024-05-01T00:56:30.084Z		COORDINATE_ROUNDED;FOOTPRINT_WKT_MISMATCH;COUNTRY_DERIVED_FROM_COORDINATES;CONTINENT_DERIVED_FROM_COORDINATES
1890414999	be62fffc-d0e7-45f2-9404-d4bc4322bc57	23386	Animalia	Cnidaria	Anthozoa	Scleractinia	Acroporidae	Isopora	Isopora crateriformis		SPECIES	Isopora crateriformis (Gardiner, 1898)	Isopora crateriformis	(Gardiner, 1898)	AS			PRESENT		c58ac019-b413-4613-8772-39e57acbeb8e	-14.34288	-170.788818	100.0				41.5	1.5	2010-02-28	28	2	2010	5784814	5784814	HUMAN_OBSERVATION	NIWA	SPRFMO VME					CC0_1_0					2024-05-01T00:56:30.066Z		COORDINATE_ROUNDED;FOOTPRINT_WKT_MISMATCH;COUNTRY_DERIVED_FROM_COORDINATES;CONTINENT_DERIVED_FROM_COORDINATES
1890414984	be62fffc-d0e7-45f2-9404-d4bc4322bc57	23399	Animalia	Cnidaria	Anthozoa	Scleractinia	Acroporidae	Isopora	Isopora crateriformis		SPECIES	Isopora crateriformis (Gardiner, 1898)	Isopora crateriformis	(Gardiner, 1898)	AS			PRESENT		c58ac019-b413-4613-8772-39e57acbeb8e	-14.34288	-170.788818	100.0				41.5	1.5	2010-02-28	28	2	2010	5784814	5784814	HUMAN_OBSERVATION	NIWA	SPRFMO VME					CC0_1_0					2024-05-01T00:56:30.064Z		COORDINATE_ROUNDED;FOOTPRINT_WKT_MISMATCH;COUNTRY_DERIVED_FROM_COORDINATES;CONTINENT_DERIVED_FROM_COORDINATES
1890414971	be62fffc-d0e7-45f2-9404-d4bc4322bc57	23376	Animalia	Cnidaria	Anthozoa	Scleractinia	Acroporidae	Isopora	Isopora crateriformis		SPECIES	Isopora crateriformis (Gardiner, 1898)	Isopora crateriformis	(Gardiner, 1898)	AS			PRESENT		c58ac019-b413-4613-8772-39e57acbeb8e	-14.34288	-170.788818	100.0				44.0	1.0	2010-02-28	28	2	2010	5784814	5784814	HUMAN_OBSERVATION	NIWA	SPRFMO VME					CC0_1_0					2024-05-01T00:56:30.151Z		COORDINATE_ROUNDED;FOOTPRINT_WKT_MISMATCH;COUNTRY_DERIVED_FROM_COORDINATES;CONTINENT_DERIVED_FROM_COORDINATES
1890414970	be62fffc-d0e7-45f2-9404-d4bc4322bc57	23371	Animalia	Cnidaria	Anthozoa	Scleractinia	Acroporidae	Isopora	Isopora crateriformis		SPECIES	Isopora crateriformis (Gardiner, 1898)	Isopora crateriformis	(Gardiner, 1898)	AS			PRESENT		c58ac019-b413-4613-8772-39e57acbeb8e	-14.34288	-170.788818	100.0				44.0	1.0	2010-02-28	28	2	2010	5784814	5784814	HUMAN_OBSERVATION	NIWA	SPRFMO VME					CC0_1_0					2024-05-01T00:56:30.064Z		COORDINATE_ROUNDED;FOOTPRINT_WKT_MISMATCH;COUNTRY_DERIVED_FROM_COORDINATES;CONTINENT_DERIVED_FROM_COORDINATES
1890414964	be62fffc-d0e7-45f2-9404-d4bc4322bc57	23380	Animalia	Cnidaria	Anthozoa	Scleractinia	Acroporidae	Isopora	Isopora crateriformis		SPECIES	Isopora crateriformis (Gardiner, 1898)	Isopora crateriformis	(Gardiner, 1898)	AS			PRESENT		c58ac019-b413-4613-8772-39e57acbeb8e	-14.34288	-170.788818	100.0				41.5	1.5	2010-02-28	28	2	2010	5784814	5784814	HUMAN_OBSERVATION	NIWA	SPRFMO VME					CC0_1_0					2024-05-01T00:56:30.064Z		COORDINATE_ROUNDED;FOOTPRINT_WKT_MISMATCH;COUNTRY_DERIVED_FROM_COORDINATES;CONTINENT_DERIVED_FROM_COORDINATES
1890414920	be62fffc-d0e7-45f2-9404-d4bc4322bc57	23415	Animalia	Cnidaria	Anthozoa	Scleractinia	Acroporidae	Isopora	Isopora crateriformis		SPECIES	Isopora crateriformis (Gardiner, 1898)	Isopora crateriformis	(Gardiner, 1898)	AS			PRESENT		c58ac019-b413-4613-8772-39e57acbeb8e	-14.34288	-170.788818	100.0				44.5	0.5	2010-02-28	28	2	2010	5784814	5784814	HUMAN_OBSERVATION	NIWA	SPRFMO VME					CC0_1_0					2024-05-01T00:56:30.101Z		COORDINATE_ROUNDED;FOOTPRINT_WKT_MISMATCH;COUNTRY_DERIVED_FROM_COORDINATES;CONTINENT_DERIVED_FROM_COORDINATES
1890414913	be62fffc-d0e7-45f2-9404-d4bc4322bc57	23367	Animalia	Cnidaria	Anthozoa	Scleractinia	Acroporidae	Isopora	Isopora crateriformis		SPECIES	Isopora crateriformis (Gardiner, 1898)	Isopora crateriformis	(Gardiner, 1898)	AS			PRESENT		c58ac019-b413-4613-8772-39e57acbeb8e	-14.34288	-170.788818	100.0				44.0	1.0	2010-02-28	28	2	2010	5784814	5784814	HUMAN_OBSERVATION	NIWA	SPRFMO VME					CC0_1_0					2024-05-01T00:56:30.151Z		COORDINATE_ROUNDED;FOOTPRINT_WKT_MISMATCH;COUNTRY_DERIVED_FROM_COORDINATES;CONTINENT_DERIVED_FROM_COORDINATES
1890413521	be62fffc-d0e7-45f2-9404-d4bc4322bc57	31775	Animalia	Cnidaria	Anthozoa	Scleractinia	Acroporidae	Isopora	Isopora crateriformis		SPECIES	Isopora crateriformis (Gardiner, 1898)	Isopora crateriformis	(Gardiner, 1898)	AS			PRESENT		c58ac019-b413-4613-8772-39e57acbeb8e	-14.26753	-170.561508	100.0				44.5	0.5	2010-02-25	25	2	2010	5784814	5784814	HUMAN_OBSERVATION	NIWA	SPRFMO VME					CC0_1_0					2024-05-01T00:56:30.250Z		COORDINATE_ROUNDED;FOOTPRINT_WKT_MISMATCH;COUNTRY_DERIVED_FROM_COORDINATES;CONTINENT_DERIVED_FROM_COORDINATES
1890413419	be62fffc-d0e7-45f2-9404-d4bc4322bc57	31692	Animalia	Cnidaria	Anthozoa	Scleractinia	Acroporidae	Isopora	Isopora crateriformis		SPECIES	Isopora crateriformis (Gardiner, 1898)	Isopora crateriformis	(Gardiner, 1898)	AS			PRESENT		c58ac019-b413-4613-8772-39e57acbeb8e	-14.26753	-170.561508	100.0				46.5	0.5	2010-02-25	25	2	2010	5784814	5784814	HUMAN_OBSERVATION	NIWA	SPRFMO VME					CC0_1_0					2024-05-01T00:56:30.290Z		COORDINATE_ROUNDED;FOOTPRINT_WKT_MISMATCH;COUNTRY_DERIVED_FROM_COORDINATES;CONTINENT_DERIVED_FROM_COORDINATES
1890413400	be62fffc-d0e7-45f2-9404-d4bc4322bc57	31691	Animalia	Cnidaria	Anthozoa	Scleractinia	Acroporidae	Isopora	Isopora crateriformis		SPECIES	Isopora crateriformis (Gardiner, 1898)	Isopora crateriformis	(Gardiner, 1898)	AS			PRESENT		c58ac019-b413-4613-8772-39e57acbeb8e	-14.26753	-170.561508	100.0				46.5	0.5	2010-02-25	25	2	2010	5784814	5784814	HUMAN_OBSERVATION	NIWA	SPRFMO VME					CC0_1_0					2024-05-01T00:56:30.185Z		COORDINATE_ROUNDED;FOOTPRINT_WKT_MISMATCH;COUNTRY_DERIVED_FROM_COORDINATES;CONTINENT_DERIVED_FROM_COORDINATES
1890413295	be62fffc-d0e7-45f2-9404-d4bc4322bc57	31664	Animalia	Cnidaria	Anthozoa	Scleractinia	Acroporidae	Isopora	Isopora crateriformis		SPECIES	Isopora crateriformis (Gardiner, 1898)	Isopora crateriformis	(Gardiner, 1898)	AS			PRESENT		c58ac019-b413-4613-8772-39e57acbeb8e	-14.26753	-170.561508	100.0				47.5	0.5	2010-02-25	25	2	2010	5784814	5784814	HUMAN_OBSERVATION	NIWA	SPRFMO VME					CC0_1_0					2024-05-01T00:56:30.184Z		COORDINATE_ROUNDED;FOOTPRINT_WKT_MISMATCH;COUNTRY_DERIVED_FROM_COORDINATES;CONTINENT_DERIVED_FROM_COORDINATES
1890413290	be62fffc-d0e7-45f2-9404-d4bc4322bc57	31689	Animalia	Cnidaria	Anthozoa	Scleractinia	Acroporidae	Isopora	Isopora crateriformis		SPECIES	Isopora crateriformis (Gardiner, 1898)	Isopora crateriformis	(Gardiner, 1898)	AS			PRESENT		c58ac019-b413-4613-8772-39e57acbeb8e	-14.26753	-170.561508	100.0				47.5	0.5	2010-02-25	25	2	2010	5784814	5784814	HUMAN_OBSERVATION	NIWA	SPRFMO VME					CC0_1_0					2024-05-01T00:56:30.245Z		COORDINATE_ROUNDED;FOOTPRINT_WKT_MISMATCH;COUNTRY_DERIVED_FROM_COORDINATES;CONTINENT_DERIVED_FROM_COORDINATES
1890413230	be62fffc-d0e7-45f2-9404-d4bc4322bc57	31267	Animalia	Cnidaria	Anthozoa	Scleractinia	Acroporidae	Isopora	Isopora crateriformis		SPECIES	Isopora crateriformis (Gardiner, 1898)	Isopora crateriformis	(Gardiner, 1898)	AS			PRESENT		c58ac019-b413-4613-8772-39e57acbeb8e	-14.28551	-170.564056	100.0				43.5	0.5	2010-02-25	25	2	2010	5784814	5784814	HUMAN_OBSERVATION	NIWA	SPRFMO VME					CC0_1_0					2024-05-01T00:56:30.208Z		COORDINATE_ROUNDED;FOOTPRINT_WKT_MISMATCH;COUNTRY_DERIVED_FROM_COORDINATES;CONTINENT_DERIVED_FROM_COORDINATES
1890413226	be62fffc-d0e7-45f2-9404-d4bc4322bc57	31627	Animalia	Cnidaria	Anthozoa	Scleractinia	Acroporidae	Isopora	Isopora crateriformis		SPECIES	Isopora crateriformis (Gardiner, 1898)	Isopora crateriformis	(Gardiner, 1898)	AS			PRESENT		c58ac019-b413-4613-8772-39e57acbeb8e	-14.26753	-170.561508	100.0				47.5	0.5	2010-02-25	25	2	2010	5784814	5784814	HUMAN_OBSERVATION	NIWA	SPRFMO VME					CC0_1_0					2024-05-01T00:56:30.212Z		COORDINATE_ROUNDED;FOOTPRINT_WKT_MISMATCH;COUNTRY_DERIVED_FROM_COORDINATES;CONTINENT_DERIVED_FROM_COORDINATES
1890413201	be62fffc-d0e7-45f2-9404-d4bc4322bc57	31278	Animalia	Cnidaria	Anthozoa	Scleractinia	Acroporidae	Isopora	Isopora crateriformis		SPECIES	Isopora crateriformis (Gardiner, 1898)	Isopora crateriformis	(Gardiner, 1898)	AS			PRESENT		c58ac019-b413-4613-8772-39e57acbeb8e	-14.28551	-170.564056	100.0				43.5	0.5	2010-02-25	25	2	2010	5784814	5784814	HUMAN_OBSERVATION	NIWA	SPRFMO VME					CC0_1_0					2024-05-01T00:56:30.283Z		COORDINATE_ROUNDED;FOOTPRINT_WKT_MISMATCH;COUNTRY_DERIVED_FROM_COORDINATES;CONTINENT_DERIVED_FROM_COORDINATES
1890413178	be62fffc-d0e7-45f2-9404-d4bc4322bc57	31213	Animalia	Cnidaria	Anthozoa	Scleractinia	Acroporidae	Isopora	Isopora crateriformis		SPECIES	Isopora crateriformis (Gardiner, 1898)	Isopora crateriformis	(Gardiner, 1898)	AS			PRESENT		c58ac019-b413-4613-8772-39e57acbeb8e	-14.28551	-170.564056	100.0				43.0	0.0	2010-02-25	25	2	2010	5784814	5784814	HUMAN_OBSERVATION	NIWA	SPRFMO VME					CC0_1_0					2024-05-01T00:56:30.170Z		COORDINATE_ROUNDED;FOOTPRINT_WKT_MISMATCH;COUNTRY_DERIVED_FROM_COORDINATES;CONTINENT_DERIVED_FROM_COORDINATES
1890347756	be62fffc-d0e7-45f2-9404-d4bc4322bc57	129692	Animalia	Cnidaria	Anthozoa	Scleractinia	Acroporidae	Isopora	Isopora crateriformis		SPECIES	Madrepora crateriformis Gardiner, 1898	Madrepora crateriformis	Gardiner, 1898	TV			PRESENT		c58ac019-b413-4613-8772-39e57acbeb8e	-8.5	179.179993	100.0										7697991	5784814	HUMAN_OBSERVATION	NIWA	SPRFMO VME					CC0_1_0					2024-05-01T00:56:35.784Z		COORDINATE_ROUNDED;FOOTPRINT_WKT_MISMATCH;COUNTRY_DERIVED_FROM_COORDINATES;CONTINENT_DERIVED_FROM_COORDINATES
1890344128	be62fffc-d0e7-45f2-9404-d4bc4322bc57	27857	Animalia	Cnidaria	Anthozoa	Scleractinia	Acroporidae	Isopora	Isopora crateriformis		SPECIES	Acropora crateriformis (Gardiner, 1898)	Acropora crateriformis	(Gardiner, 1898)	AS			PRESENT		c58ac019-b413-4613-8772-39e57acbeb8e	-14.28	-170.669998	100.0										5184637	5784814	HUMAN_OBSERVATION	NIWA	SPRFMO VME					CC0_1_0					2024-05-01T00:56:30.149Z		COORDINATE_ROUNDED;FOOTPRINT_WKT_MISMATCH;COUNTRY_DERIVED_FROM_COORDINATES;CONTINENT_DERIVED_FROM_COORDINATES
1890328986	be62fffc-d0e7-45f2-9404-d4bc4322bc57	22674	Animalia	Cnidaria	Anthozoa	Scleractinia	Acroporidae	Isopora	Isopora crateriformis		SPECIES	Acropora crateriformis (Gardiner, 1898)	Acropora crateriformis	(Gardiner, 1898)	AS			PRESENT		c58ac019-b413-4613-8772-39e57acbeb8e	-14.33	-170.800003	100.0										5184637	5784814	HUMAN_OBSERVATION	NIWA	SPRFMO VME					CC0_1_0					2024-05-01T00:56:30.138Z		COORDINATE_ROUNDED;FOOTPRINT_WKT_MISMATCH;COUNTRY_DERIVED_FROM_COORDINATES;CONTINENT_DERIVED_FROM_COORDINATES
1890328971	be62fffc-d0e7-45f2-9404-d4bc4322bc57	80839	Animalia	Cnidaria	Anthozoa	Scleractinia	Acroporidae	Isopora	Isopora crateriformis		SPECIES	Acropora crateriformis (Gardiner, 1898)	Acropora crateriformis	(Gardiner, 1898)	ID			PRESENT		c58ac019-b413-4613-8772-39e57acbeb8e	1.95	127.699997	100.0										5184637	5784814	HUMAN_OBSERVATION	NIWA	SPRFMO VME					CC0_1_0					2024-05-01T00:56:32.479Z		COORDINATE_ROUNDED;FOOTPRINT_WKT_MISMATCH;COUNTRY_DERIVED_FROM_COORDINATES;CONTINENT_DERIVED_FROM_COORDINATES
1890328967	be62fffc-d0e7-45f2-9404-d4bc4322bc57	80671	Animalia	Cnidaria	Anthozoa	Scleractinia	Acroporidae	Isopora	Isopora crateriformis		SPECIES	Acropora crateriformis (Gardiner, 1898)	Acropora crateriformis	(Gardiner, 1898)	ID			PRESENT		c58ac019-b413-4613-8772-39e57acbeb8e	1.73	127.5	100.0										5184637	5784814	HUMAN_OBSERVATION	NIWA	SPRFMO VME					CC0_1_0					2024-05-01T00:56:32.488Z		COORDINATE_ROUNDED;COUNTRY_DERIVED_FROM_COORDINATES;CONTINENT_DERIVED_FROM_COORDINATES
1890328961	be62fffc-d0e7-45f2-9404-d4bc4322bc57	80840	Animalia	Cnidaria	Anthozoa	Scleractinia	Acroporidae	Isopora	Isopora crateriformis		SPECIES	Acropora crateriformis (Gardiner, 1898)	Acropora crateriformis	(Gardiner, 1898)	ID			PRESENT		c58ac019-b413-4613-8772-39e57acbeb8e	1.95	127.699997	100.0										5184637	5784814	HUMAN_OBSERVATION	NIWA	SPRFMO VME					CC0_1_0					2024-05-01T00:56:32.632Z		COORDINATE_ROUNDED;FOOTPRINT_WKT_MISMATCH;COUNTRY_DERIVED_FROM_COORDINATES;CONTINENT_DERIVED_FROM_COORDINATES
1890328959	be62fffc-d0e7-45f2-9404-d4bc4322bc57	80397	Animalia	Cnidaria	Anthozoa	Scleractinia	Acroporidae	Isopora	Isopora crateriformis		SPECIES	Acropora crateriformis (Gardiner, 1898)	Acropora crateriformis	(Gardiner, 1898)	ID			PRESENT		c58ac019-b413-4613-8772-39e57acbeb8e	1.33	126.419998	100.0										5184637	5784814	HUMAN_OBSERVATION	NIWA	SPRFMO VME					CC0_1_0					2024-05-01T00:56:32.466Z		COORDINATE_ROUNDED;FOOTPRINT_WKT_MISMATCH;COUNTRY_DERIVED_FROM_COORDINATES;CONTINENT_DERIVED_FROM_COORDINATES
1890328956	be62fffc-d0e7-45f2-9404-d4bc4322bc57	80398	Animalia	Cnidaria	Anthozoa	Scleractinia	Acroporidae	Isopora	Isopora crateriformis		SPECIES	Acropora crateriformis (Gardiner, 1898)	Acropora crateriformis	(Gardiner, 1898)	ID			PRESENT		c58ac019-b413-4613-8772-39e57acbeb8e	1.33	126.419998	100.0										5184637	5784814	HUMAN_OBSERVATION	NIWA	SPRFMO VME					CC0_1_0					2024-05-01T00:56:32.460Z		COORDINATE_ROUNDED;FOOTPRINT_WKT_MISMATCH;COUNTRY_DERIVED_FROM_COORDINATES;CONTINENT_DERIVED_FROM_COORDINATES
1890328953	be62fffc-d0e7-45f2-9404-d4bc4322bc57	80541	Animalia	Cnidaria	Anthozoa	Scleractinia	Acroporidae	Isopora	Isopora crateriformis		SPECIES	Acropora crateriformis (Gardiner, 1898)	Acropora crateriformis	(Gardiner, 1898)	ID			PRESENT		c58ac019-b413-4613-8772-39e57acbeb8e	1.65	127.470001	100.0										5184637	5784814	HUMAN_OBSERVATION	NIWA	SPRFMO VME					CC0_1_0					2024-05-01T00:56:32.468Z		COORDINATE_ROUNDED;COUNTRY_DERIVED_FROM_COORDINATES;CONTINENT_DERIVED_FROM_COORDINATES
1890328920	be62fffc-d0e7-45f2-9404-d4bc4322bc57	80670	Animalia	Cnidaria	Anthozoa	Scleractinia	Acroporidae	Isopora	Isopora crateriformis		SPECIES	Acropora crateriformis (Gardiner, 1898)	Acropora crateriformis	(Gardiner, 1898)	ID			PRESENT		c58ac019-b413-4613-8772-39e57acbeb8e	1.73	127.5	100.0										5184637	5784814	HUMAN_OBSERVATION	NIWA	SPRFMO VME					CC0_1_0					2024-05-01T00:56:32.490Z		COORDINATE_ROUNDED;COUNTRY_DERIVED_FROM_COORDINATES;CONTINENT_DERIVED_FROM_COORDINATES
1890328541	be62fffc-d0e7-45f2-9404-d4bc4322bc57	22670	Animalia	Cnidaria	Anthozoa	Scleractinia	Acroporidae	Isopora	Isopora crateriformis		SPECIES	Acropora crateriformis (Gardiner, 1898)	Acropora crateriformis	(Gardiner, 1898)	AS			PRESENT		c58ac019-b413-4613-8772-39e57acbeb8e	-14.33	-170.800003	100.0										5184637	5784814	HUMAN_OBSERVATION	NIWA	SPRFMO VME					CC0_1_0					2024-05-01T00:56:30.078Z		COORDINATE_ROUNDED;FOOTPRINT_WKT_MISMATCH;COUNTRY_DERIVED_FROM_COORDINATES;CONTINENT_DERIVED_FROM_COORDINATES
1890328495	be62fffc-d0e7-45f2-9404-d4bc4322bc57	22669	Animalia	Cnidaria	Anthozoa	Scleractinia	Acroporidae	Isopora	Isopora crateriformis		SPECIES	Acropora crateriformis (Gardiner, 1898)	Acropora crateriformis	(Gardiner, 1898)	AS			PRESENT		c58ac019-b413-4613-8772-39e57acbeb8e	-14.33	-170.800003	100.0										5184637	5784814	HUMAN_OBSERVATION	NIWA	SPRFMO VME					CC0_1_0					2024-05-01T00:56:30.090Z		COORDINATE_ROUNDED;FOOTPRINT_WKT_MISMATCH;COUNTRY_DERIVED_FROM_COORDINATES;CONTINENT_DERIVED_FROM_COORDINATES
1698807380	bb5b30b4-827e-4d5e-a86a-825d65cb6583	pbdb:occ:805918	Animalia	Cnidaria	Anthozoa	Scleractinia	Acroporidae	Isopora	Isopora crateriformis		SPECIES	Isopora crateriformis (Gardiner, 1898)	Isopora crateriformis		JP	Kochinda area, S Okinawa		PRESENT		b711353c-44d7-4e8b-90c5-16fea0d247e0	26.083332	127.666664		0.0166667									5784814	5784814	MATERIAL_CITATION	PBDB	87998					CC_BY_NC_4_0		Humblet et al.			2024-04-23T18:40:55.172Z		TAXON_MATCH_TAXON_CONCEPT_ID_IGNORED;TAXON_MATCH_TAXON_ID_IGNORED;INSTITUTION_MATCH_NONE
1066250853	a79c2b50-6c8a-11de-8226-b8a03c50a862	c0c7a8c1-24bb-40c1-b691-539b3da48c60	Animalia	Cnidaria	Anthozoa	Scleractinia	Acroporidae	Isopora	Isopora crateriformis		SPECIES	Isopora crateriformis (Gardiner, 1898)	Isopora crateriformis	(Gardiner, 1898)	PG	Milne Bay Province, Amphlett Islands, Urasi Island		PRESENT		f9d3db7d-6ee9-4fbf-bd4c-e5d0f0bd26c6	-9.225533	150.87305					25.0		2000-06-01	1	6	2000	5784814	5784814	PRESERVED_SPECIMEN	QM	Corals	G64471		C Wallace		CC_BY_4_0		Turak, E.			2024-07-02T06:30:39.038Z		CONTINENT_DERIVED_FROM_COORDINATES;TAXON_MATCH_TAXON_CONCEPT_ID_IGNORED;INSTITUTION_MATCH_FUZZY;COLLECTION_MATCH_FUZZY
1066250029	a79c2b50-6c8a-11de-8226-b8a03c50a862	f87c2f57-f97c-4875-b06e-2329eb63215c	Animalia	Cnidaria	Anthozoa	Scleractinia	Acroporidae	Isopora	Isopora crateriformis		SPECIES	Isopora crateriformis (Gardiner, 1898)	Isopora crateriformis	(Gardiner, 1898)	BN	Brunei Patches		PRESENT		f9d3db7d-6ee9-4fbf-bd4c-e5d0f0bd26c6	5.020258	114.731533					10.0		2008-10-20	20	10	2008	5784814	5784814	PRESERVED_SPECIMEN	QM	Corals	G63755		C Wallace		CC_BY_4_0		Devantier, L.			2024-07-02T06:30:46.258Z		TAXON_MATCH_TAXON_CONCEPT_ID_IGNORED;INSTITUTION_MATCH_FUZZY;COLLECTION_MATCH_FUZZY
1066249351	a79c2b50-6c8a-11de-8226-b8a03c50a862	7437b78b-406d-44c1-a132-311d908102e0	Animalia	Cnidaria	Anthozoa	Scleractinia	Acroporidae	Isopora	Isopora crateriformis		SPECIES	Isopora crateriformis (Gardiner, 1898)	Isopora crateriformis	(Gardiner, 1898)	AS	American Samoa, Ofu, American Samoa National Park		PRESENT		f9d3db7d-6ee9-4fbf-bd4c-e5d0f0bd26c6	-14.183333	-169.65							1999-01-17	17	1	1999	5784814	5784814	PRESERVED_SPECIMEN	QM	Corals	G63112		J Wolstenholme	1999-01-17T00:00:00	CC_BY_4_0		Wolstenholme, J.			2024-07-02T06:30:31.088Z		CONTINENT_DERIVED_FROM_COORDINATES;TAXON_MATCH_TAXON_CONCEPT_ID_IGNORED;INSTITUTION_MATCH_FUZZY;COLLECTION_MATCH_FUZZY
1066247210	a79c2b50-6c8a-11de-8226-b8a03c50a862	bbdfcf5b-89c5-48b3-9bc9-3f54fe5dc3ae	Animalia	Cnidaria	Anthozoa	Scleractinia	Acroporidae	Isopora	Isopora crateriformis		SPECIES	Isopora crateriformis (Gardiner, 1898)	Isopora crateriformis	(Gardiner, 1898)	ID	Indonesia, W Papua, Teluk Sebakor		PRESENT		f9d3db7d-6ee9-4fbf-bd4c-e5d0f0bd26c6	-3.311667	132.778333					12.0	0.0	2006-05-05	5	5	2006	5784814	5784814	PRESERVED_SPECIMEN	QM	Corals	G61009		C Wallace		CC_BY_4_0		Turak, E.			2024-07-02T06:30:40.162Z		CONTINENT_DERIVED_FROM_COORDINATES;TAXON_MATCH_TAXON_CONCEPT_ID_IGNORED;INSTITUTION_MATCH_FUZZY;COLLECTION_MATCH_FUZZY
1066247182	a79c2b50-6c8a-11de-8226-b8a03c50a862	f8098893-2fd6-4d98-b56e-941b8b1cea96	Animalia	Cnidaria	Anthozoa	Scleractinia	Acroporidae	Isopora	Isopora crateriformis		SPECIES	Isopora crateriformis (Gardiner, 1898)	Isopora crateriformis	(Gardiner, 1898)	ID	Indonesia, W Papua, Nabire, NW Moor		PRESENT		f9d3db7d-6ee9-4fbf-bd4c-e5d0f0bd26c6	-2.95	135.67					20.0	0.0	2006-02-15	15	2	2006	5784814	5784814	PRESERVED_SPECIMEN	QM	Corals	G61008		C Wallace		CC_BY_4_0		Turak, E.			2024-07-02T06:30:46.216Z		CONTINENT_DERIVED_FROM_COORDINATES;TAXON_MATCH_TAXON_CONCEPT_ID_IGNORED;INSTITUTION_MATCH_FUZZY;COLLECTION_MATCH_FUZZY
1066247174	a79c2b50-6c8a-11de-8226-b8a03c50a862	3d5fdfcd-ce3a-496d-8832-0d8cd3a70e08	Animalia	Cnidaria	Anthozoa	Scleractinia	Acroporidae	Isopora	Isopora crateriformis		SPECIES	Isopora crateriformis (Gardiner, 1898)	Isopora crateriformis	(Gardiner, 1898)	ID	Indonesia, W Papua, Teluk Sebakor		PRESENT		f9d3db7d-6ee9-4fbf-bd4c-e5d0f0bd26c6	-3.311667	132.778333					12.0	0.0	2006-05-05	5	5	2006	5784814	5784814	PRESERVED_SPECIMEN	QM	Corals	G61010		C Wallace		CC_BY_4_0		Turak, E.			2024-07-02T06:30:21.849Z		CONTINENT_DERIVED_FROM_COORDINATES;TAXON_MATCH_TAXON_CONCEPT_ID_IGNORED;INSTITUTION_MATCH_FUZZY;COLLECTION_MATCH_FUZZY
1066246275	a79c2b50-6c8a-11de-8226-b8a03c50a862	36ab107f-6c4f-4973-be54-7c4a7825e833	Animalia	Cnidaria	Anthozoa	Scleractinia	Acroporidae	Isopora	Isopora crateriformis		SPECIES	Isopora crateriformis (Gardiner, 1898)	Isopora crateriformis	(Gardiner, 1898)	AU	Moreton Bay, Stradbroke Island, Flat Rock	Queensland	PRESENT		f9d3db7d-6ee9-4fbf-bd4c-e5d0f0bd26c6	-27.39	153.548333					2.0	0.0	2007-04-20	20	4	2007	5784814	5784814	PRESERVED_SPECIMEN	QM	Corals	G60095		C Wallace		CC_BY_4_0		Wallace, C. Carden;Muir, Paul			2024-07-02T06:30:20.988Z		CONTINENT_DERIVED_FROM_COORDINATES;TAXON_MATCH_TAXON_CONCEPT_ID_IGNORED;INSTITUTION_MATCH_FUZZY;COLLECTION_MATCH_FUZZY
1066246265	a79c2b50-6c8a-11de-8226-b8a03c50a862	efd9f55f-e4ae-41f7-8b68-b52ead691d59	Animalia	Cnidaria	Anthozoa	Scleractinia	Acroporidae	Isopora	Isopora crateriformis		SPECIES	Isopora crateriformis (Gardiner, 1898)	Isopora crateriformis	(Gardiner, 1898)	AU	Moreton Bay, Stradbroke Island, Flat Rock	Queensland	PRESENT		f9d3db7d-6ee9-4fbf-bd4c-e5d0f0bd26c6	-27.39	153.548333					2.0	0.0	2007-04-20	20	4	2007	5784814	5784814	PRESERVED_SPECIMEN	QM	Corals	G60094		C Wallace		CC_BY_4_0		Wallace, C. Carden;Muir, Paul			2024-07-02T06:30:44.818Z		CONTINENT_DERIVED_FROM_COORDINATES;TAXON_MATCH_TAXON_CONCEPT_ID_IGNORED;INSTITUTION_MATCH_FUZZY;COLLECTION_MATCH_FUZZY
